year,state,abbr,fips,total,white,black,aian,foreign_born,native_parentage
1790,Connecticut,CT,09,237655,232236,5419,,,
1790,Delaware,DE,10,59096,46310,12786,,,
1790,Georgia,GA,13,82548,52886,29662,,,
1790,Massachusetts,MA,25,475199,469294,5905,,,
1790,Maryland,MD,24,319728,208649,111079,,,
1790,North Carolina,NC,37,395005,289181,105824,,,
1790,New Hampshire,NH,33,141899,141112,787,,,
1790,New Jersey,NJ,34,184139,169954,14185,,,
1790,New York,NY,36,340241,314366,25875,,,
1790,Pennsylvania,PA,42,433611,423373,10238,,,
1790,Rhode Island,RI,44,69112,64670,4442,,,
1790,South Carolina,SC,45,249073,140178,108895,,,
1790,Tennessee,TN,47,35691,31913,3778,,,
1790,Virginia,VA,51,821287,503250,318037,,,
1790,Vermont,VT,50,85341,85072,269,,,
1800,Connecticut,CT,09,251002,,,,,
1800,District of Columbia,DC,11,14093,,,,,
1800,Delaware,DE,10,64273,,,,,
1800,Georgia,GA,13,162686,,,,,
1800,Indiana,IN,18,5641,,,,,
1800,Kentucky,KY,21,220955,,,,,
1800,Massachusetts,MA,25,574564,,,,,
1800,Maryland,MD,24,341548,,,,,
1800,Mississippi,MS,28,8850,,,,,
1800,North Carolina,NC,37,478103,,,,,
1800,New Hampshire,NH,33,183858,,,,,
1800,New Jersey,NJ,34,211149,,,,,
1800,New York,NY,36,586761,,,,,
1800,Pennsylvania,PA,42,602365,,,,,
1800,Rhode Island,RI,44,69122,,,,,
1800,South Carolina,SC,45,345591,,,,,
1800,Tennessee,TN,47,105602,,,,,
1800,Virginia,VA,51,880200,,,,,
1800,Vermont,VT,50,154465,,,,,
1810,Connecticut,CT,09,262042,,,,,
1810,District of Columbia,DC,11,24023,,,,,
1810,Delaware,DE,10,72674,,,,,
1810,Georgia,GA,13,252433,,,,,
1810,Indiana,IN,18,24520,,,,,
1810,Kentucky,KY,21,406511,,,,,
1810,Louisiana,LA,22,76556,,,,,
1810,Massachusetts,MA,25,700745,,,,,
1810,Maryland,MD,24,380546,,,,,
1810,Michigan,MI,26,4762,,,,,
1810,Mississippi,MS,28,40352,,,,,
1810,North Carolina,NC,37,555500,,,,,
1810,New Hampshire,NH,33,214360,,,,,
1810,New Jersey,NJ,34,245555,,,,,
1810,New York,NY,36,959049,,,,,
1810,Ohio,OH,39,230760,,,,,
1810,Pennsylvania,PA,42,810091,,,,,
1810,Rhode Island,RI,44,77031,,,,,
1810,South Carolina,SC,45,415115,,,,,
1810,Tennessee,TN,47,261727,,,,,
1810,Virginia,VA,51,974622,,,,,
1810,Vermont,VT,50,217713,,,,,
1820,Alabama,AL,01,127901,,,,,
1820,Connecticut,CT,09,275202,,,,,
1820,District of Columbia,DC,11,33039,,,,,
1820,Delaware,DE,10,72749,,,,,
1820,Georgia,GA,13,340989,,,,,
1820,Illinois,IL,17,55211,,,,,
1820,Indiana,IN,18,147178,,,,,
1820,Kentucky,KY,21,564317,,,,,
1820,Louisiana,LA,22,153407,,,,,
1820,Massachusetts,MA,25,523287,,,,,
1820,Maryland,MD,24,407350,,,,,
1820,Maine,ME,23,298335,,,,,
1820,Michigan,MI,26,8896,,,,,
1820,Missouri,MO,29,66586,,,,,
1820,Mississippi,MS,28,75448,,,,,
1820,North Carolina,NC,37,638829,,,,,
1820,New Hampshire,NH,33,244161,,,,,
1820,New Jersey,NJ,34,277575,,,,,
1820,New York,NY,36,1372812,,,,,
1820,Ohio,OH,39,581434,,,,,
1820,Pennsylvania,PA,42,1049458,,,,,
1820,Rhode Island,RI,44,83059,,,,,
1820,South Carolina,SC,45,502741,,,,,
1820,Tennessee,TN,47,422813,,,,,
1820,Virginia,VA,51,1065379,,,,,
1820,Vermont,VT,50,235764,,,,,
1830,Alabama,AL,01,309527,190406,119121,,65,
1830,Connecticut,CT,09,297675,289603,8072,,1481,
1830,District of Columbia,DC,11,39834,27563,12271,,724,
1830,Delaware,DE,10,76748,57601,19147,,313,
1830,Florida,FL,12,34730,18385,16345,,221,
1830,Georgia,GA,13,516823,296806,220017,,101,
1830,Illinois,IL,17,157445,155061,2384,,451,
1830,Indiana,IN,18,343031,339399,3632,,279,
1830,Kentucky,KY,21,687917,517787,170130,,173,
1830,Louisiana,LA,22,215739,89231,126298,,1713,
1830,Massachusetts,MA,25,610408,603359,7049,,8787,
1830,Maryland,MD,24,447040,291108,155932,,4786,
1830,Maine,ME,23,399455,398263,1192,,3526,
1830,Michigan,MI,26,31639,31346,293,,1497,
1830,Missouri,MO,29,140455,114795,25660,,155,
1830,Mississippi,MS,28,136621,70443,66178,,72,
1830,North Carolina,NC,37,737987,472843,265144,,202,
1830,New Hampshire,NH,33,269328,268721,607,,410,
1830,New Jersey,NJ,34,320823,300266,20557,,3365,
1830,New York,NY,36,1918608,1868061,44945,,52488,
1830,Ohio,OH,39,937903,928329,9574,,5778,
1830,Pennsylvania,PA,42,1348233,1309900,38333,,15376,
1830,Rhode Island,RI,44,97199,93621,3578,,1100,
1830,South Carolina,SC,45,581185,257863,323322,,486,
1830,Tennessee,TN,47,681904,535746,146158,,119,
1830,Virginia,VA,51,1211405,694300,517105,,789,
1830,Vermont,VT,50,280652,279771,881,,3364,
1840,Alabama,AL,01,590756,,,,,
1840,Arkansas,AR,05,97574,,,,,
1840,Connecticut,CT,09,309978,,,,,
1840,District of Columbia,DC,11,43712,,,,,
1840,Delaware,DE,10,78085,,,,,
1840,Florida,FL,12,54477,,,,,
1840,Georgia,GA,13,691392,,,,,
1840,Iowa,IA,19,43112,,,,,
1840,Illinois,IL,17,476183,,,,,
1840,Indiana,IN,18,685866,,,,,
1840,Kentucky,KY,21,779828,,,,,
1840,Louisiana,LA,22,352411,,,,,
1840,Massachusetts,MA,25,737699,,,,,
1840,Maryland,MD,24,470019,,,,,
1840,Maine,ME,23,501793,,,,,
1840,Michigan,MI,26,212267,,,,,
1840,Missouri,MO,29,383702,,,,,
1840,Mississippi,MS,28,375651,,,,,
1840,North Carolina,NC,37,753419,,,,,
1840,New Hampshire,NH,33,284574,,,,,
1840,New Jersey,NJ,34,373306,,,,,
1840,New York,NY,36,2428921,,,,,
1840,Ohio,OH,39,1519467,,,,,
1840,Pennsylvania,PA,42,1724033,,,,,
1840,Rhode Island,RI,44,108830,,,,,
1840,South Carolina,SC,45,594398,,,,,
1840,Tennessee,TN,47,829210,,,,,
1840,Virginia,VA,51,1239797,,,,,
1840,Vermont,VT,50,291948,,,,,
1840,Wisconsin,WI,55,30945,,,,,
1850,Alabama,AL,01,771623,426514,345109,,7509,
1850,Arkansas,AR,05,209897,162189,47708,,1471,
1850,California,CA,06,92597,91635,962,,21802,
1850,Connecticut,CT,09,370792,363099,7693,,38518,
1850,District of Columbia,DC,11,51687,37941,13746,,4918,
1850,Delaware,DE,10,91532,71169,20363,,5253,
1850,Florida,FL,12,87445,47203,40242,,2769,
1850,Georgia,GA,13,906185,521572,384613,,6488,
1850,Iowa,IA,19,192214,191881,333,,20969,
1850,Illinois,IL,17,851470,846034,5436,,111892,
1850,Indiana,IN,18,988416,977154,11262,,55572,
1850,Kentucky,KY,21,982405,761413,220992,,31420,
1850,Louisiana,LA,22,517762,255491,262271,,68233,
1850,Massachusetts,MA,25,994514,985450,9064,,164024,
1850,Maryland,MD,24,583034,417943,165091,,51209,
1850,Maine,ME,23,583169,581813,1356,,31825,
1850,Michigan,MI,26,397654,395071,2583,,54703,
1850,Minnesota,MN,27,6077,6038,39,,1977,
1850,Missouri,MO,29,682044,592004,90040,,76592,
1850,Mississippi,MS,28,606526,295718,310808,,4788,
1850,North Carolina,NC,37,869039,553028,316011,,2581,
1850,New Hampshire,NH,33,317976,317456,520,,14265,
1850,New Jersey,NJ,34,489555,465509,24046,,59948,
1850,New Mexico,NM,35,61547,61525,22,,2151,
1850,New York,NY,36,3097394,3048325,49069,,655929,
1850,Ohio,OH,39,1980329,1955050,25279,,218193,
1850,Oregon,OR,41,13294,13087,207,,1022,
1850,Pennsylvania,PA,42,2311786,2258160,53626,,303417,
1850,Rhode Island,RI,44,147545,143875,3670,,23902,
1850,South Carolina,SC,45,668507,274563,393944,,8707,
1850,Tennessee,TN,47,1002717,756836,245881,,5653,
1850,Texas,TX,48,212592,154034,58558,,17681,
1850,Utah,UT,49,11380,11330,50,,2044,
1850,Virginia,VA,51,1421661,894800,526861,,22985,
1850,Vermont,VT,50,314120,313402,718,,33715,
1850,Wisconsin,WI,55,305391,304756,635,,110477,
1860,Alabama,AL,01,964201,526271,437770,160,12352,
1860,Arkansas,AR,05,435450,324143,111259,48,3600,
1860,California,CA,06,379994,323177,4086,17798,146528,
1860,Colorado,CO,08,34277,34231,46,0,2666,
1860,Connecticut,CT,09,460147,451504,8627,16,80696,
1860,District of Columbia,DC,11,75080,60763,14316,1,12484,
1860,Delaware,DE,10,112216,90589,21627,0,9165,
1860,Florida,FL,12,140424,77746,62677,1,3309,
1860,Georgia,GA,13,1057286,591550,465698,38,11671,
1860,Iowa,IA,19,674913,673779,1069,65,106077,
1860,Illinois,IL,17,1711951,1704291,7628,32,324643,
1860,Indiana,IN,18,1350428,1338710,11428,290,118284,
1860,Kansas,KS,20,107206,106390,627,189,12691,
1860,Kentucky,KY,21,1155684,919484,236167,33,59799,
1860,Louisiana,LA,22,708002,357456,350373,173,80975,
1860,Massachusetts,MA,25,1231066,1221432,9602,32,260106,
1860,Maryland,MD,24,687049,515918,171131,0,77529,
1860,Maine,ME,23,628279,626947,1327,5,37453,
1860,Michigan,MI,26,749113,736142,6799,6172,149093,
1860,Minnesota,MN,27,172023,169395,259,2369,58728,
1860,Missouri,MO,29,1182012,1063489,118503,20,160541,
1860,Mississippi,MS,28,791305,353899,437404,2,8558,
1860,North Carolina,NC,37,992622,629942,361522,1158,3298,
1860,North Dakota,ND,38,2418,1288,0,1130,887,
1860,Nebraska,NE,31,28841,28696,82,63,6351,
1860,New Hampshire,NH,33,326073,325579,494,,20938,
1860,New Jersey,NJ,34,672035,646699,25336,0,122790,
1860,New Mexico,NM,35,93516,82924,85,10507,6723,
1860,New York,NY,36,3880735,3831590,49005,140,1001280,
1860,Ohio,OH,39,2339511,2302808,36673,30,328249,
1860,Oregon,OR,41,52465,52160,128,177,5123,
1860,Pennsylvania,PA,42,2906215,2849259,56949,7,430505,
1860,Rhode Island,RI,44,174620,170649,3952,19,37394,
1860,South Carolina,SC,45,703708,291300,412320,88,9986,
1860,South Dakota,SD,46,2418,1288,0,1130,887,
1860,Tennessee,TN,47,1109801,826722,283019,60,21226,
1860,Texas,TX,48,604215,420891,182921,403,43422,
1860,Utah,UT,49,40273,40125,59,89,12754,
1860,Virginia,VA,51,1596318,1047299,548907,112,35058,
1860,Vermont,VT,50,315098,314369,709,20,32743,
1860,Washington,WA,53,11594,11138,30,426,3144,
1860,Wisconsin,WI,55,775881,773693,1171,1017,276927,
1870,Alabama,AL,01,996992,521384,475510,98,9962,
1870,Arkansas,AR,05,484471,362115,122169,89,5026,
1870,Arizona,AZ,04,9658,9581,26,31,5809,
1870,California,CA,06,560247,499424,4272,7241,209831,
1870,Colorado,CO,08,39864,39221,456,180,6599,
1870,Connecticut,CT,09,537454,527549,9668,235,113639,
1870,District of Columbia,DC,11,131700,88278,43404,15,16254,
1870,Delaware,DE,10,125015,102221,22794,0,9136,
1870,Florida,FL,12,187748,96057,91689,2,4967,
1870,Georgia,GA,13,1184109,638926,545142,40,11127,
1870,Iowa,IA,19,1194020,1188207,5762,48,204692,
1870,Idaho,ID,16,14999,10618,60,47,7885,
1870,Illinois,IL,17,2539891,2511096,28762,32,515198,
1870,Indiana,IN,18,1680637,1655837,24560,240,141474,
1870,Kansas,KS,20,364399,346377,17108,914,48392,
1870,Kentucky,KY,21,1321011,1098692,222210,108,63398,
1870,Louisiana,LA,22,726915,362065,364210,569,61827,
1870,Massachusetts,MA,25,1457351,1443156,13947,151,353319,
1870,Maryland,MD,24,780894,605497,175391,4,83412,
1870,Maine,ME,23,626915,624809,1606,499,48881,
1870,Michigan,MI,26,1184059,1167282,11849,4926,268010,
1870,Minnesota,MN,27,439706,438257,759,690,160697,
1870,Missouri,MO,29,1721295,1603146,118071,75,222267,
1870,Mississippi,MS,28,827922,382896,444201,809,11191,
1870,Montana,MT,30,20595,18306,183,157,7979,
1870,North Carolina,NC,37,1071361,678470,391650,1241,3029,
1870,North Dakota,ND,38,7090,6443,47,600,2407,
1870,Nebraska,NE,31,122993,122117,789,87,30748,
1870,New Hampshire,NH,33,318300,317697,580,23,29611,
1870,New Jersey,NJ,34,906096,875407,30658,16,188943,
1870,New Mexico,NM,35,91874,90393,172,1309,5620,
1870,Nevada,NV,32,42491,38959,357,23,18801,
1870,New York,NY,36,4382759,4330210,52081,439,1138353,
1870,Ohio,OH,39,2665260,2601946,63213,100,372493,
1870,Oregon,OR,41,90923,86929,346,318,11600,
1870,Pennsylvania,PA,42,3521951,3456609,65294,34,545309,
1870,Rhode Island,RI,44,217353,212219,4980,154,55396,
1870,South Carolina,SC,45,705606,289667,415814,124,8074,
1870,South Dakota,SD,46,7090,6443,47,600,2407,
1870,Tennessee,TN,47,1258520,936119,322331,70,19316,
1870,Texas,TX,48,818579,564700,253475,379,62411,
1870,Utah,UT,49,86786,86044,118,179,30702,
1870,Virginia,VA,51,1225163,712089,512841,229,13754,
1870,Vermont,VT,50,330551,329613,924,14,47155,
1870,Washington,WA,53,23955,22195,207,1319,5024,
1870,Wisconsin,WI,55,1054670,1051351,2113,1206,364499,
1870,West Virginia,WV,54,442014,424033,17980,1,17091,
1870,Wyoming,WY,56,9118,8726,183,66,3513,
1880,Alaska,AK,02,33426,430,0,32996,,
1880,Alabama,AL,01,1262505,662185,600103,213,9734,
1880,Arkansas,AR,05,802525,591531,210666,195,10350,
1880,Arizona,AZ,04,40440,35160,155,3493,16049,
1880,California,CA,06,864694,767181,6018,16277,292874,
1880,Colorado,CO,08,194327,191126,2435,154,39790,
1880,Connecticut,CT,09,622700,610769,11547,255,129992,
1880,District of Columbia,DC,11,177624,118006,59596,5,17122,
1880,Delaware,DE,10,146608,120160,26442,5,9468,
1880,Florida,FL,12,269493,142605,126690,180,9909,
1880,Georgia,GA,13,1542180,816906,725133,124,10564,
1880,Iowa,IA,19,1624615,1614600,9516,466,261650,
1880,Idaho,ID,16,32610,29013,53,165,9974,
1880,Illinois,IL,17,3077871,3031151,46368,140,583576,
1880,Indiana,IN,18,1978301,1938798,39228,246,144178,
1880,Kansas,KS,20,996096,952155,43107,815,110086,
1880,Kentucky,KY,21,1648690,1377179,271451,50,59517,
1880,Louisiana,LA,22,939946,454954,483655,848,54146,
1880,Massachusetts,MA,25,1783085,1763782,18697,369,443491,
1880,Maryland,MD,24,934943,724693,210230,15,82806,
1880,Maine,ME,23,648936,646852,1451,625,58883,
1880,Michigan,MI,26,1636937,1614560,15100,7249,388508,
1880,Minnesota,MN,27,780773,776884,1564,2300,267676,
1880,Missouri,MO,29,2168380,2022826,145350,113,211578,
1880,Mississippi,MS,28,1131597,479398,650291,1857,9209,
1880,Montana,MT,30,39159,35385,346,1663,11521,
1880,North Carolina,NC,37,1399750,867242,531277,1230,3742,
1880,North Dakota,ND,38,67588,66573,200,695,25897,
1880,Nebraska,NE,31,452402,449764,2385,235,97414,
1880,New Hampshire,NH,33,346991,346229,685,63,46294,
1880,New Jersey,NJ,34,1131116,1092017,38853,74,221700,
1880,New Mexico,NM,35,119565,108721,1015,9772,8051,
1880,Nevada,NV,32,62266,53556,488,2803,25653,
1880,New York,NY,36,5082871,5016022,65104,819,1211379,
1880,Ohio,OH,39,3198062,3117920,79900,130,394943,
1880,Oregon,OR,41,174768,163075,487,1694,30503,
1880,Pennsylvania,PA,42,4282891,4197016,85535,184,587829,
1880,Rhode Island,RI,44,276531,269939,6488,77,73993,
1880,South Carolina,SC,45,995577,391105,604332,131,7686,
1880,South Dakota,SD,46,67588,66573,200,695,25897,
1880,Tennessee,TN,47,1542359,1138831,403151,352,16702,
1880,Texas,TX,48,1591749,1197237,393384,992,114616,
1880,Utah,UT,49,143963,142423,232,807,43994,
1880,Virginia,VA,51,1512565,880858,631616,85,14696,
1880,Vermont,VT,50,332286,331218,1057,11,40959,
1880,Washington,WA,53,75116,67199,325,4405,15803,
1880,Wisconsin,WI,55,1315497,1309618,2702,3161,405425,
1880,West Virginia,WV,54,618457,592537,25886,29,18265,
1880,Wyoming,WY,56,20789,19437,298,140,5850,
1890,Alaska,AK,02,32052,,112,25354,,
1890,Alabama,AL,01,1513017,,678489,759,14777,
1890,Arkansas,AR,05,1128179,,309117,218,14264,
1890,Arizona,AZ,04,59620,,1357,1512,18795,
1890,California,CA,06,1208130,,11322,11517,366309,
1890,Colorado,CO,08,412198,,6215,107,83990,
1890,Connecticut,CT,09,746258,,12302,228,183601,
1890,District of Columbia,DC,11,230392,,75572,25,18770,
1890,Delaware,DE,10,168493,,28386,4,13161,
1890,Florida,FL,12,391422,,166180,171,22932,
1890,Georgia,GA,13,1837353,,858815,68,12137,
1890,Iowa,IA,19,1911896,,10685,60,324069,
1890,Idaho,ID,16,84385,,201,159,17456,
1890,Illinois,IL,17,3826351,,57028,97,842347,
1890,Indiana,IN,18,2192404,,45215,343,146205,
1890,Kansas,KS,20,1427096,,49710,736,147838,
1890,Kentucky,KY,21,1858635,,268071,71,59356,
1890,Louisiana,LA,22,1118587,,559193,627,49747,
1890,Massachusetts,MA,25,2238943,,22144,424,657137,
1890,Maryland,MD,24,1042390,,215657,44,94296,
1890,Maine,ME,23,661086,,1190,559,78961,
1890,Michigan,MI,26,2093889,,15223,5624,543880,
1890,Minnesota,MN,27,1301826,,3683,1888,467356,
1890,Missouri,MO,29,2679184,,150184,127,234869,
1890,Mississippi,MS,28,1289600,,742559,2036,7952,
1890,Montana,MT,30,132159,,1490,860,43096,
1890,North Carolina,NC,37,1617947,,561018,1514,3702,
1890,North Dakota,ND,38,182719,,373,194,81461,
1890,Nebraska,NE,31,1058910,,8913,2893,202542,
1890,New Hampshire,NH,33,376530,,614,16,72340,
1890,New Jersey,NJ,34,1444933,,47638,84,328975,
1890,New Mexico,NM,35,153593,,1956,8554,11259,
1890,Nevada,NV,32,45761,,242,3599,14706,
1890,New York,NY,36,5997853,,70092,726,1571050,
1890,Ohio,OH,39,3672316,,87113,193,459293,
1890,Oklahoma,OK,40,61834,,2973,10,2740,
1890,Oregon,OR,41,313767,,1186,1258,57317,
1890,Pennsylvania,PA,42,5258014,,107596,983,845720,
1890,Rhode Island,RI,44,345506,,7393,180,106305,
1890,South Carolina,SC,45,1151149,,688934,173,6270,
1890,South Dakota,SD,46,328808,,541,782,91055,
1890,Tennessee,TN,47,1767518,,430678,146,20029,
1890,Texas,TX,48,2235523,,488171,704,152956,
1890,Utah,UT,49,207905,,588,608,53064,
1890,Virginia,VA,51,1655980,,635438,349,18374,
1890,Vermont,VT,50,332422,,937,34,44088,
1890,Washington,WA,53,349390,,1602,3655,90005,
1890,Wisconsin,WI,55,1686880,,2444,3835,519199,
1890,West Virginia,WV,54,762794,,32690,9,18883,
1890,Wyoming,WY,56,60705,,922,43,14913,
1900,Alaska,AK,02,63592,,168,,12661,
1900,Alabama,AL,01,1828697,,827307,,14592,
1900,Arkansas,AR,05,1311564,,366856,,14289,
1900,Arizona,AZ,04,122931,,1848,,24233,
1900,California,CA,06,1485053,,11045,,367240,
1900,Colorado,CO,08,539700,,8570,,91155,
1900,Connecticut,CT,09,908420,,15226,,238210,
1900,District of Columbia,DC,11,278718,,86702,,20119,
1900,Delaware,DE,10,184735,,30697,,13810,
1900,Florida,FL,12,528542,,230730,,23832,
1900,Georgia,GA,13,2216331,,1034813,,12403,
1900,Hawaii,HI,15,154001,,233,,90780,
1900,Iowa,IA,19,2231853,,12693,,305920,
1900,Idaho,ID,16,161772,,293,,24604,
1900,Illinois,IL,17,4821550,,85078,,966747,
1900,Indiana,IN,18,2516462,,57505,,142121,
1900,Kansas,KS,20,1470495,,52003,,126685,
1900,Kentucky,KY,21,2147174,,284706,,50249,
1900,Louisiana,LA,22,1381625,,650804,,52903,
1900,Massachusetts,MA,25,2805346,,31974,,846324,
1900,Maryland,MD,24,1188044,,235064,,93934,
1900,Maine,ME,23,694466,,1319,,93330,
1900,Michigan,MI,26,2420982,,15816,,541653,
1900,Minnesota,MN,27,1751394,,4959,,505318,
1900,Missouri,MO,29,3106665,,161234,,216379,
1900,Mississippi,MS,28,1551270,,907630,,7981,
1900,Montana,MT,30,243329,,1523,,67067,
1900,North Carolina,NC,37,1893810,,624469,,4492,
1900,North Dakota,ND,38,319146,,286,,113091,
1900,Nebraska,NE,31,1066300,,6269,,177347,
1900,New Hampshire,NH,33,411588,,662,,88107,
1900,New Jersey,NJ,34,1883669,,69844,,431884,
1900,New Mexico,NM,35,195310,,1610,,13625,
1900,Nevada,NV,32,42335,,134,,10093,
1900,New York,NY,36,7268894,,99232,,1900425,
1900,Ohio,OH,39,4157545,,96901,,458734,
1900,Oklahoma,OK,40,398331,,18831,,15680,
1900,Oregon,OR,41,413536,,1105,,65748,
1900,Pennsylvania,PA,42,6302115,,156845,,985250,
1900,Rhode Island,RI,44,428556,,9092,,134519,
1900,South Carolina,SC,45,1340316,,782321,,5528,
1900,South Dakota,SD,46,401570,,465,,88508,
1900,Tennessee,TN,47,2020616,,480243,,17746,
1900,Texas,TX,48,3048710,,620722,,179357,
1900,Utah,UT,49,276749,,672,,53777,
1900,Virginia,VA,51,1854184,,660722,,19461,
1900,Vermont,VT,50,343641,,826,,44747,
1900,Washington,WA,53,518103,,2514,,111364,
1900,Wisconsin,WI,55,2069042,,2542,,515971,
1900,West Virginia,WV,54,958800,,43499,,22451,
1900,Wyoming,WY,56,92531,,940,,17415,
1910,Alaska,AK,02,64356,36400,209,,17974,10993
1910,Alabama,AL,01,2138093,1228832,908282,,18956,1177459
1910,Arkansas,AR,05,1574449,1131026,442891,,16909,1077509
1910,Arizona,AZ,04,204354,171468,2009,,46824,82468
1910,California,CA,06,2377549,2259672,21645,,517250,1106533
1910,Colorado,CO,08,799024,783415,11453,,126851,475136
1910,Connecticut,CT,09,1114756,1098897,15174,,328759,395649
1910,District of Columbia,DC,11,331069,236128,94446,,24351,166711
1910,Delaware,DE,10,202322,171102,31181,,17420,127809
1910,Florida,FL,12,752619,443634,308669,,33842,373967
1910,Georgia,GA,13,2609121,1431802,1176987,,15072,1391058
1910,Hawaii,HI,15,191909,44048,695,,,
1910,Iowa,IA,19,2224771,2209191,14973,,273484,1303526
1910,Idaho,ID,16,325594,319221,651,,40427,203599
1910,Illinois,IL,17,5638591,5526962,109049,,1202560,2600555
1910,Indiana,IN,18,2700876,2639961,60320,,159322,2130088
1910,Kansas,KS,20,1690949,1634352,54030,,135190,1207057
1910,Kentucky,KY,21,2289905,2027951,261656,,40053,1863194
1910,Louisiana,LA,22,1656388,941086,713874,,51782,776587
1910,Massachusetts,MA,25,3366416,3324926,38055,,1051050,1103429
1910,Maryland,MD,24,1295346,1062639,232250,,104174,766627
1910,Maine,ME,23,742371,739995,1363,,110133,494907
1910,Michigan,MI,26,2810173,2785247,17115,,595524,1224841
1910,Minnesota,MN,27,2075708,2059227,7084,,543010,575081
1910,Missouri,MO,29,3293335,3134932,157452,,228896,2387835
1910,Mississippi,MS,28,1797114,786111,1009487,,9389,757233
1910,Montana,MT,30,376053,360580,1834,,91644,162127
1910,North Carolina,NC,37,2206287,1500511,697843,,5942,1485718
1910,North Dakota,ND,38,577056,569855,617,,156158,162461
1910,Nebraska,NE,31,1192214,1180293,7689,,175865,642075
1910,New Hampshire,NH,33,430572,429906,564,,96558,230231
1910,New Jersey,NJ,34,2537167,2445894,89760,,658188,1009909
1910,New Mexico,NM,35,327301,304594,1628,,22654,255609
1910,Nevada,NV,32,81875,74276,513,,17999,35326
1910,New York,NY,36,9113614,8966845,134191,,2729272,3230325
1910,Ohio,OH,39,4767121,4654897,111452,,597245,3033259
1910,Oklahoma,OK,40,1657155,1444531,137612,,40084,1310403
1910,Oregon,OR,41,672765,655090,1492,,103001,416851
1910,Pennsylvania,PA,42,7665111,7467713,193919,,1438719,4222727
1910,Rhode Island,RI,44,542610,532492,9529,,178025,159821
1910,South Carolina,SC,45,1515400,679161,835843,,6054,661970
1910,South Dakota,SD,46,583888,563771,817,,100628,245652
1910,Tennessee,TN,47,2184789,1711432,473088,,18459,1654606
1910,Texas,TX,48,3896542,3204848,690049,,239984,2602950
1910,Utah,UT,49,373351,366583,1144,,63393,171663
1910,Virginia,VA,51,2061612,1389809,671096,,26628,1325238
1910,Vermont,VT,50,355956,354298,1621,,49861,229382
1910,Washington,WA,53,1141990,1109111,6058,,241197,585386
1910,Wisconsin,WI,55,2333860,2320555,2900,,512569,763225
1910,West Virginia,WV,54,1221119,1156817,64173,,57072,1042107
1910,Wyoming,WY,56,145965,140318,2235,,27118,80696
1920,Alaska,AK,02,55036,48469,,,21425,9538
1920,Alabama,AL,01,2348174,1447032,900652,,17662,1394129
1920,Arkansas,AR,05,1752204,1279757,472220,,13975,1226692
1920,Arizona,AZ,04,334162,291449,8005,,78099,151145
1920,California,CA,06,3426861,3264711,38763,,681662,1677955
1920,Colorado,CO,08,939629,924103,11318,,116954,603041
1920,Connecticut,CT,09,1380631,1358732,21046,,376513,449206
1920,District of Columbia,DC,11,437571,326860,109966,,28548,239488
1920,Delaware,DE,10,223003,192615,30335,,19810,139876
1920,Florida,FL,12,968470,638153,329487,,43008,532295
1920,Georgia,GA,13,2895832,1689114,1206365,,16186,1642697
1920,Hawaii,HI,15,255881,,348,,,
1920,Iowa,IA,19,2404021,2384181,19005,,225647,1528553
1920,Idaho,ID,16,431866,425668,920,,38963,294252
1920,Illinois,IL,17,6485280,6299333,182274,,1206951,3066563
1920,Indiana,IN,18,2930390,2849071,80810,,150868,2329544
1920,Kansas,KS,20,1769257,1708906,57925,,110578,1308804
1920,Kentucky,KY,21,2416630,2180560,235938,,30780,2039134
1920,Louisiana,LA,22,1798509,1096611,700257,,44871,941724
1920,Massachusetts,MA,25,3852356,3803524,45466,,1077534,1230773
1920,Maryland,MD,24,1449661,1204737,244479,,102177,893088
1920,Maine,ME,23,768014,765695,1310,,107349,495780
1920,Michigan,MI,26,3668412,3601627,60082,,726635,1670447
1920,Minnesota,MN,27,2387125,2368936,8809,,486164,827627
1920,Missouri,MO,29,3404055,3225044,178241,,186026,2536936
1920,Mississippi,MS,28,1790618,853962,935184,,8019,826762
1920,Montana,MT,30,548889,534260,1658,,93620,275803
1920,North Carolina,NC,37,2559123,1783779,763407,,7099,1765203
1920,North Dakota,ND,38,646872,639954,467,,131503,207966
1920,Nebraska,NE,31,1296372,1279219,13242,,149652,757064
1920,New Hampshire,NH,33,443083,442331,621,,91233,225512
1920,New Jersey,NJ,34,3155900,3037087,117132,,738613,1212675
1920,New Mexico,NM,35,360350,334673,5733,,29077,273317
1920,Nevada,NV,32,77407,70699,346,,14802,36285
1920,New York,NY,36,10385228,10172027,198483,,2786112,3668266
1920,Ohio,OH,39,5759394,5571893,186187,,678697,3669122
1920,Oklahoma,OK,40,2028283,1821194,149408,,39968,1679107
1920,Oregon,OR,41,783389,769146,2144,,102151,497726
1920,Pennsylvania,PA,42,8720018,8432726,284568,,1387850,4750071
1920,Rhode Island,RI,44,604397,593980,10036,,173499,173553
1920,South Carolina,SC,45,1683724,818538,864719,,6401,799418
1920,South Dakota,SD,46,636547,619147,832,,82391,308598
1920,Tennessee,TN,47,2337885,1885993,451758,,15478,1832757
1920,Texas,TX,48,4663228,3918165,741694,,360519,3112262
1920,Utah,UT,49,449396,441901,1446,,56455,245781
1920,Virginia,VA,51,2309187,1617909,690017,,30785,1534494
1920,Vermont,VT,50,352428,351817,572,,44526,228325
1920,Washington,WA,53,1356621,1319777,6883,,250055,711706
1920,Wisconsin,WI,55,2632067,2616938,5201,,460128,1054694
1920,West Virginia,WV,54,1463701,1377235,86345,,61906,1232857
1920,Wyoming,WY,56,194402,190146,1375,,25255,122884
1930,Alaska,AK,02,59278,28640,,,10180,10990
1930,Alabama,AL,01,2646248,1700775,944834,,15710,1646339
1930,Arkansas,AR,05,1854482,1374906,478463,,10173,1329205
1930,Arizona,AZ,04,435573,264378,10749,,15591,210247
1930,California,CA,06,5677251,5040247,81048,,810034,2930135
1930,Colorado,CO,08,1035791,961117,11828,,85406,669106
1930,Connecticut,CT,09,1606903,1576673,29354,,382871,537564
1930,District of Columbia,DC,11,486869,353914,132068,,29932,262427
1930,Delaware,DE,10,238380,205694,32602,,16885,155024
1930,Florida,FL,12,1468211,1035205,431828,,59057,874373
1930,Georgia,GA,13,2908506,1836974,1071125,,13917,1792499
1930,Hawaii,HI,15,368336,,563,,,
1930,Iowa,IA,19,2470939,2448382,17380,,165735,1697538
1930,Idaho,ID,16,445032,437562,668,,30454,320189
1930,Illinois,IL,17,7630654,7266361,328972,,1218158,3768990
1930,Indiana,IN,18,3238503,3116136,111982,,135134,2605744
1930,Kansas,KS,20,1880999,1792847,66344,,69716,1453442
1930,Kentucky,KY,21,2614589,2388364,226040,,21840,2269540
1930,Louisiana,LA,22,2101593,1318160,776326,,34910,1172572
1930,Massachusetts,MA,25,4249614,4192926,52365,,1054636,1429784
1930,Maryland,MD,24,1631526,1354170,276379,,95093,1039796
1930,Maine,ME,23,797423,795183,1096,,100368,515243
1930,Michigan,MI,26,4842325,4650171,169453,,840268,2364038
1930,Minnesota,MN,27,2563953,2538973,9445,,388294,1114316
1930,Missouri,MO,29,3629367,3398887,223840,,149390,2776338
1930,Mississippi,MS,28,2009821,996856,1009718,,7049,968675
1930,Montana,MT,30,537606,517327,1256,,72961,283539
1930,North Carolina,NC,37,3170276,2234948,918647,,8788,2208563
1930,North Dakota,ND,38,680845,671243,377,,105148,256622
1930,Nebraska,NE,31,1377963,1353702,13752,,115346,873849
1930,New Hampshire,NH,33,465293,464350,790,,82660,239438
1930,New Jersey,NJ,34,4041334,3829209,208828,,844442,1571528
1930,New Mexico,NM,35,423317,331755,2850,,7797,302753
1930,Nevada,NV,32,91058,81425,516,,12275,47570
1930,New York,NY,36,12588066,12150293,412814,,3191549,4473946
1930,Ohio,OH,39,6646697,6331136,309304,,644151,4325311
1930,Oklahoma,OK,40,2396040,2123424,172198,,26753,1994305
1930,Oregon,OR,41,953786,937029,2234,,105475,629974
1930,Pennsylvania,PA,42,9631350,9192602,431257,,1233051,5404424
1930,Rhode Island,RI,44,687497,677016,9913,,170714,210963
1930,South Carolina,SC,45,1738765,944040,793681,,5266,925439
1930,South Dakota,SD,46,692849,669453,646,,65648,375378
1930,Tennessee,TN,47,2616556,2138619,477646,,13066,2087383
1930,Texas,TX,48,5824715,4283491,854964,,98396,3857198
1930,Utah,UT,49,507847,495955,1108,,43772,318470
1930,Virginia,VA,51,2421851,1770405,650165,,23820,1692703
1930,Vermont,VT,50,359611,358965,568,,43061,234090
1930,Washington,WA,53,1563396,1521099,6840,,244256,873627
1930,Wisconsin,WI,55,2939006,2913859,10739,,386213,1436492
1930,West Virginia,WV,54,1729205,1613934,114893,,51520,1461544
1930,Wyoming,WY,56,225565,214067,1250,,19658,148381
1940,Alaska,AK,02,72524,39170,,,9132,
1940,Alabama,AL,01,2832961,1849097,983290,,12164,
1940,Arkansas,AR,05,1949387,1466084,482578,,7926,
1940,Arizona,AZ,04,499261,426792,14993,,38693,
1940,California,CA,06,6907387,6596763,124306,,924865,
1940,Colorado,CO,08,1123296,1106502,12176,,71564,
1940,Connecticut,CT,09,1709242,1675407,32992,,329297,
1940,District of Columbia,DC,11,663091,474326,187266,,34916,
1940,Delaware,DE,10,266505,230528,35876,,14913,
1940,Florida,FL,12,1897414,1381986,514198,,77839,
1940,Georgia,GA,13,3123723,2038278,1084927,,12181,
1940,Hawaii,HI,15,422770,,,,52613,
1940,Iowa,IA,19,2538268,2520691,16694,,117365,
1940,Idaho,ID,16,524873,519292,595,,24712,
1940,Illinois,IL,17,7897241,7504202,387446,,972395,
1940,Indiana,IN,18,3427796,3305323,121916,,110992,
1940,Kansas,KS,20,1801028,1734496,65138,,51630,
1940,Kentucky,KY,21,2845627,2631425,214031,,15744,
1940,Louisiana,LA,22,2363880,1511739,849303,,27973,
1940,Massachusetts,MA,25,4316721,4257596,55391,,857658,
1940,Maryland,MD,24,1821244,1518481,301931,,82591,
1940,Maine,ME,23,847226,844543,1304,,83993,
1940,Michigan,MI,26,5256106,5039643,208345,,686185,
1940,Minnesota,MN,27,2792300,2768982,9928,,295373,
1940,Missouri,MO,29,3784664,3539187,244386,,114533,
1940,Mississippi,MS,28,2183796,1106327,1074578,,6472,
1940,Montana,MT,30,559456,540468,1120,,56364,
1940,North Carolina,NC,37,3571623,2567635,981298,,9212,
1940,North Dakota,ND,38,641935,631464,201,,74477,
1940,Nebraska,NE,31,1315834,1297624,14171,,82101,
1940,New Hampshire,NH,33,491524,490989,414,,68393,
1940,New Jersey,NJ,34,4160165,3931087,226973,,699356,
1940,New Mexico,NM,35,531818,492312,4672,,15402,
1940,Nevada,NV,32,110247,104030,664,,11041,
1940,New York,NY,36,13479142,12879546,571221,,2916645,
1940,Ohio,OH,39,6907612,6566531,339461,,520773,
1940,Oklahoma,OK,40,2336434,2104228,168849,,20545,
1940,Oregon,OR,41,1089684,1075731,2565,,90193,
1940,Pennsylvania,PA,42,9900180,9426990,470172,,976573,
1940,Rhode Island,RI,44,713346,701805,11024,,138878,
1940,South Carolina,SC,45,1899804,1084308,814164,,4979,
1940,South Dakota,SD,46,642961,619075,474,,44124,
1940,Tennessee,TN,47,2915841,2406906,508736,,11468,
1940,Texas,TX,48,6414824,5487545,924391,,235528,
1940,Utah,UT,49,550310,542920,1235,,33276,
1940,Virginia,VA,51,2677773,2015583,661449,,23438,
1940,Vermont,VT,50,359231,358806,384,,31753,
1940,Washington,WA,53,1736191,1698147,7424,,210379,
1940,Wisconsin,WI,55,3137587,3112752,12158,,289018,
1940,West Virginia,WV,54,1901974,1784102,117754,,41899,
1940,Wyoming,WY,56,250742,246597,956,,17107,
1950,Alaska,AK,02,128643,92808,,,6816,
1950,Alabama,AL,01,3061743,2079591,979617,,13286,
1950,Arkansas,AR,05,1909511,1481507,426639,,8837,
1950,Arizona,AZ,04,749587,654511,25974,,44304,
1950,California,CA,06,10586223,9915173,462172,,1021356,
1950,Colorado,CO,08,1325089,1296653,20177,,59116,
1950,Connecticut,CT,09,2007280,1952329,53472,,293073,
1950,District of Columbia,DC,11,802178,517865,280803,,39897,
1950,Delaware,DE,10,318085,273878,43598,,13512,
1950,Florida,FL,12,2771305,2166051,603101,,127157,
1950,Georgia,GA,13,3444578,2380577,1062762,,15545,
1950,Iowa,IA,19,2621073,2599546,19692,,82550,
1950,Idaho,ID,16,588637,581395,1050,,19402,
1950,Illinois,IL,17,8712176,8046058,645980,,774764,
1950,Indiana,IN,18,3934224,3758512,174168,,97405,
1950,Kansas,KS,20,1905299,1828961,73158,,37292,
1950,Kentucky,KY,21,2944806,2742090,201921,,14878,
1950,Louisiana,LA,22,2683516,1796683,882428,,28097,
1950,Massachusetts,MA,25,4690514,4611503,73171,,708096,
1950,Maryland,MD,24,2343001,1954975,385972,,81750,
1950,Maine,ME,23,913774,910846,1221,,71876,
1950,Michigan,MI,26,6371766,5917825,442296,,591525,
1950,Minnesota,MN,27,2982483,2953697,14022,,207118,
1950,Missouri,MO,29,3954653,3655593,297088,,89685,
1950,Mississippi,MS,28,2178914,1188632,986494,,7892,
1950,Montana,MT,30,591024,572038,1232,,42361,
1950,North Carolina,NC,37,4061929,2983121,1047353,,14288,
1950,North Dakota,ND,38,619636,608448,257,,48382,
1950,Nebraska,NE,31,1325510,1301328,19234,,56096,
1950,New Hampshire,NH,33,533242,532275,731,,56825,
1950,New Jersey,NJ,34,4835329,4511585,318565,,620939,
1950,New Mexico,NM,35,681187,630211,8408,,15704,
1950,Nevada,NV,32,160083,149908,4302,,10581,
1950,New York,NY,36,14830192,13872095,918191,,2505067,
1950,Ohio,OH,39,7946627,7428222,513072,,434762,
1950,Oklahoma,OK,40,2233351,2032526,145503,,17845,
1950,Oregon,OR,41,1521341,1497128,11529,,83448,
1950,Pennsylvania,PA,42,10498012,9853848,638485,,766212,
1950,Rhode Island,RI,44,791896,777015,13903,,112467,
1950,South Carolina,SC,45,2117027,1293405,822077,,6958,
1950,South Dakota,SD,46,652740,628504,727,,29990,
1950,Tennessee,TN,47,3291718,2760257,530603,,13846,
1950,Texas,TX,48,7711194,6726534,977458,,246181,
1950,Utah,UT,49,688862,676909,2729,,29491,
1950,Virginia,VA,51,3318680,2581555,734211,,32926,
1950,Vermont,VT,50,377747,377188,443,,27254,
1950,Washington,WA,53,2378963,2316496,30691,,191481,
1950,Wisconsin,WI,55,3434575,3392690,28182,,214991,
1950,West Virginia,WV,54,2005552,1890282,114867,,33511,
1950,Wyoming,WY,56,290529,284009,2557,,13167,
1960,Alaska,AK,02,226167,174546,6771,14444,,
1960,Alabama,AL,01,3266740,2283609,980271,1276,,
1960,Arkansas,AR,05,1786272,1395703,388787,580,,
1960,Arizona,AZ,04,1302161,1169517,43403,83387,,
1960,California,CA,06,15717204,14455230,883861,39014,,
1960,Colorado,CO,08,1753947,1700700,39992,4286,,
1960,Connecticut,CT,09,2535234,2423816,107449,923,,
1960,District of Columbia,DC,11,763956,345263,411737,587,,
1960,Delaware,DE,10,446292,384327,60688,597,,
1960,Florida,FL,12,4951560,4063881,880186,2504,,
1960,Georgia,GA,13,3943116,2817223,1122596,749,,
1960,Hawaii,HI,15,632772,202230,4943,472,,
1960,Iowa,IA,19,2757537,2728709,25354,1708,,
1960,Idaho,ID,16,667191,657383,1502,5231,,
1960,Illinois,IL,17,10081158,9010252,1037470,4704,,
1960,Indiana,IN,18,4662498,4388554,269275,948,,
1960,Kansas,KS,20,2178611,2078666,91445,5069,,
1960,Kentucky,KY,21,3038156,2820083,215949,391,,
1960,Louisiana,LA,22,3257022,2211715,1039207,3587,,
1960,Massachusetts,MA,25,5148578,5023144,111842,2118,,
1960,Maryland,MD,24,3100689,2573919,518410,1538,,
1960,Maine,ME,23,969265,963291,3318,1879,,
1960,Michigan,MI,26,7823194,7085865,717581,9701,,
1960,Minnesota,MN,27,3413864,3371603,22263,15490,,
1960,Missouri,MO,29,4319813,3922967,390853,1723,,
1960,Mississippi,MS,28,2178141,1257546,915743,3119,,
1960,Montana,MT,30,674767,650738,1467,21181,,
1960,North Carolina,NC,37,4556155,3399285,1116021,38129,,
1960,North Dakota,ND,38,632446,619538,777,11736,,
1960,Nebraska,NE,31,1411330,1374764,29262,5545,,
1960,New Hampshire,NH,33,606921,604334,1903,135,,
1960,New Jersey,NJ,34,6066782,5539003,514875,1699,,
1960,New Mexico,NM,35,951023,875763,17063,56255,,
1960,Nevada,NV,32,285278,263443,13484,6681,,
1960,New York,NY,36,16782304,15287071,1417511,16491,,
1960,Ohio,OH,39,9706398,8909698,786097,1910,,
1960,Oklahoma,OK,40,2328284,2107900,153084,64689,,
1960,Oregon,OR,41,1768687,1732037,18133,8026,,
1960,Pennsylvania,PA,42,11319366,10454004,852750,2122,,
1960,Rhode Island,RI,44,859488,838712,18332,932,,
1960,South Carolina,SC,45,2382594,1551022,829291,1098,,
1960,South Dakota,SD,46,680514,653098,1114,25794,,
1960,Tennessee,TN,47,3567089,2977753,586876,638,,
1960,Texas,TX,48,9579678,8374831,1187125,5750,,
1960,Utah,UT,49,890627,873828,4148,6961,,
1960,Virginia,VA,51,3966949,3142443,816258,2155,,
1960,Vermont,VT,50,389881,389092,519,57,,
1960,Washington,WA,53,2853214,2751675,48738,21076,,
1960,Wisconsin,WI,55,3951777,3858903,74546,14297,,
1960,West Virginia,WV,54,1860421,1770133,89378,181,,
1960,Wyoming,WY,56,330066,322922,2183,4020,,
1970,Alaska,AK,02,300382,236767,8911,16276,7655,
1970,Alabama,AL,01,3444165,2533831,903467,2443,16191,
1970,Arkansas,AR,05,1923295,1565915,352445,2014,8343,
1970,Arizona,AZ,04,1770900,1604948,53344,95812,73695,
1970,California,CA,06,19953134,17761032,1400143,91018,1702819,
1970,Colorado,CO,08,2207259,2112352,66411,8836,58179,
1970,Connecticut,CT,09,3031709,2835458,181177,2222,246293,
1970,District of Columbia,DC,11,756510,209272,537712,956,32096,
1970,Delaware,DE,10,548104,466459,78276,656,14527,
1970,Florida,FL,12,6789443,5719343,1041651,6677,521291,
1970,Georgia,GA,13,4589575,3391242,1187149,2347,32293,
1970,Hawaii,HI,15,768561,298160,7573,1126,72851,
1970,Iowa,IA,19,2824376,2782762,32596,2992,38635,
1970,Idaho,ID,16,712567,698802,2130,6687,12335,
1970,Illinois,IL,17,11113976,9600381,1425674,11413,602992,
1970,Indiana,IN,18,5193669,4820324,357464,3887,79942,
1970,Kansas,KS,20,2246578,2122068,106977,8672,26768,
1970,Kentucky,KY,21,3218706,2981766,230793,1531,16341,
1970,Louisiana,LA,22,3641306,2541498,1086832,5294,36942,
1970,Massachusetts,MA,25,5689170,5477624,175817,4475,476086,
1970,Maryland,MD,24,3922399,3194888,699479,4239,118568,
1970,Maine,ME,23,992048,985276,2800,2195,42334,
1970,Michigan,MI,26,8875083,7833474,991066,16854,410230,
1970,Minnesota,MN,27,3804971,3736038,34868,23128,92095,
1970,Missouri,MO,29,4676501,4177495,480172,5405,61595,
1970,Mississippi,MS,28,2216912,1393283,815770,4113,8071,
1970,Montana,MT,30,694409,663043,1995,27130,18969,
1970,North Carolina,NC,37,5082059,3901767,1126478,44406,28139,
1970,North Dakota,ND,38,617761,599485,2494,14369,17653,
1970,Nebraska,NE,31,1483493,1432867,39911,6624,27144,
1970,New Hampshire,NH,33,737681,733106,2505,361,36523,
1970,New Jersey,NJ,34,7168164,6349908,770292,4706,606809,
1970,New Mexico,NM,35,1016000,915815,19555,72788,21702,
1970,Nevada,NV,32,488738,448177,27762,7933,17815,
1970,New York,NY,36,18236967,15834090,2168949,28355,2019472,
1970,Ohio,OH,39,10652017,9646997,970477,6654,296250,
1970,Oklahoma,OK,40,2559229,2280362,171892,98468,19918,
1970,Oregon,OR,41,2091385,2032079,26308,13510,62259,
1970,Pennsylvania,PA,42,11793909,10737732,1016514,5533,419393,
1970,Rhode Island,RI,44,946725,914757,25338,1390,70869,
1970,South Carolina,SC,45,2590516,1794430,789041,2241,14918,
1970,South Dakota,SD,46,665507,630333,1627,32365,10295,
1970,Tennessee,TN,47,3923687,3293930,621261,2276,18907,
1970,Texas,TX,48,11196730,9717128,1399005,17957,306105,
1970,Utah,UT,49,1059273,1031926,6617,11273,27566,
1970,Virginia,VA,51,4648494,3761514,861368,4853,70323,
1970,Vermont,VT,50,444330,442553,761,229,18054,
1970,Washington,WA,53,3409169,3251055,71308,33386,150079,
1970,Wisconsin,WI,55,4417731,4258959,128224,18924,121994,
1970,West Virginia,WV,54,1744237,1673480,67342,751,15810,
1970,Wyoming,WY,56,332416,323024,2568,4980,7058,
1980,Alaska,AK,02,400481,308455,13619,64047,13866,
1980,Alabama,AL,01,3890061,2869688,995623,7561,30744,
1980,Arkansas,AR,05,2285513,1890002,373192,9411,18116,
1980,Arizona,AZ,04,2717866,2240033,75034,152857,146772,
1980,California,CA,06,23668562,18031689,1819282,201311,3286144,
1980,Colorado,CO,08,2888834,2570615,101702,18059,104075,
1980,Connecticut,CT,09,3107576,2799420,217433,4533,248808,
1980,District of Columbia,DC,11,637651,171796,448229,1031,33825,
1980,Delaware,DE,10,595225,488543,95971,1330,16680,
1980,Florida,FL,12,9739992,8178387,1342478,19316,951725,
1980,Georgia,GA,13,5464265,3948007,1465457,7619,74687,
1980,Hawaii,HI,15,965000,318608,17352,2778,126964,
1980,Iowa,IA,19,2913387,2838805,41700,5453,42525,
1980,Idaho,ID,16,943935,901641,2716,10521,20201,
1980,Illinois,IL,17,11418461,9225575,1675229,16271,747585,
1980,Indiana,IN,18,5490179,5004567,414732,7835,91993,
1980,Kansas,KS,20,2363208,2167752,126127,15371,43041,
1980,Kentucky,KY,21,3661433,3379648,259490,3610,29230,
1980,Louisiana,LA,22,4203972,2911243,1237263,12064,67669,
1980,Massachusetts,MA,25,5737037,5362836,221279,7743,462559,
1980,Maryland,MD,24,4216446,3158412,958050,8021,179994,
1980,Maine,ME,23,1124660,1109850,3128,4087,39752,
1980,Michigan,MI,26,9258344,7868956,1198710,40038,387127,
1980,Minnesota,MN,27,4077148,3936948,53342,35026,98114,
1980,Missouri,MO,29,4917444,4346267,514274,12319,76627,
1980,Mississippi,MS,28,2520638,1615190,887206,6180,17539,
1980,Montana,MT,30,786690,740148,1786,37270,16095,
1980,North Carolina,NC,37,5874429,4453010,1316050,64635,63972,
1980,North Dakota,ND,38,652695,625536,2568,20157,13290,
1980,Nebraska,NE,31,1570006,1490569,48389,9197,28122,
1980,New Hampshire,NH,33,920610,910099,3990,1352,37380,
1980,New Jersey,NJ,34,7364158,6127090,924786,8394,706351,
1980,New Mexico,NM,35,1299968,976465,24042,104777,46380,
1980,Nevada,NV,32,799184,699377,50791,13304,48372,
1980,New York,NY,36,17557288,13961106,2401842,38732,2177109,
1980,Ohio,OH,39,10797419,9597266,1076734,12240,278203,
1980,Oklahoma,OK,40,3025266,2597783,204658,169464,49717,
1980,Oregon,OR,41,2632663,2490192,37059,27309,98126,
1980,Pennsylvania,PA,42,11866728,10654325,1047609,9459,371443,
1980,Rhode Island,RI,44,947154,896692,27584,2898,77697,
1980,South Carolina,SC,45,3119208,2145122,948146,5758,35158,
1980,South Dakota,SD,46,690178,638955,2144,45101,8463,
1980,Tennessee,TN,47,4590750,3835078,725949,5103,39250,
1980,Texas,TX,48,14228383,11197663,1710250,40074,761115,
1980,Utah,UT,49,1461037,1382550,9225,19256,46455,
1980,Virginia,VA,51,5346279,4229734,1008311,9336,158264,
1980,Vermont,VT,50,511456,506736,1135,984,19479,
1980,Washington,WA,53,4130163,3777296,105544,60771,219351,
1980,Wisconsin,WI,55,4705335,4442598,182593,29497,115733,
1980,West Virginia,WV,54,1949644,1874751,65051,1610,18322,
1980,Wyoming,WY,56,470816,447716,3364,7125,8243,
1990,Alaska,AK,02,550043,415492,22451,85698,33814,
1990,Alabama,AL,01,4040587,2975797,1020705,16506,68177,
1990,Arkansas,AR,05,2350725,1944744,373912,12773,36176,
1990,Arizona,AZ,04,3665228,2963186,110524,203527,324434,
1990,California,CA,06,29760021,20524327,2208801,242164,6854086,
1990,Colorado,CO,08,3294394,2905474,133146,27776,185007,
1990,Connecticut,CT,09,3287116,2859353,274269,6654,379895,
1990,District of Columbia,DC,11,606900,179667,399604,1466,65403,
1990,Delaware,DE,10,666168,535094,112460,2019,30978,
1990,Florida,FL,12,12937926,10749285,1759534,36335,1936027,
1990,Georgia,GA,13,6478216,4600148,1746565,13348,234857,
1990,Hawaii,HI,15,1108229,369616,27195,5099,194205,
1990,Iowa,IA,19,2776755,2683090,48090,7349,54907,
1990,Idaho,ID,16,1006749,950451,3370,13780,36904,
1990,Illinois,IL,17,11430602,8952978,1694273,21836,1078527,
1990,Indiana,IN,18,5544159,5020700,432092,12720,123026,
1990,Kansas,KS,20,2477574,2231986,143076,21965,81333,
1990,Kentucky,KY,21,3685296,3391832,262907,5769,53107,
1990,Louisiana,LA,22,4219973,2839138,1299281,18541,111392,
1990,Massachusetts,MA,25,6016425,5405374,300130,12241,705207,
1990,Maryland,MD,24,4781468,3393964,1189899,12972,369918,
1990,Maine,ME,23,1227928,1208360,5138,5998,48762,
1990,Michigan,MI,26,9295297,7756086,1291706,55638,410286,
1990,Minnesota,MN,27,4375099,4130395,94944,49909,141659,
1990,Missouri,MO,29,5117073,4486228,548208,19835,110531,
1990,Mississippi,MS,28,2573216,1633461,915057,8525,30651,
1990,Montana,MT,30,799065,741111,2381,47679,19896,
1990,North Carolina,NC,37,6628637,5008491,1456323,80155,162296,
1990,North Dakota,ND,38,638800,604142,3524,25917,14029,
1990,Nebraska,NE,31,1578385,1480558,57404,12410,38275,
1990,New Hampshire,NH,33,1109252,1087433,7198,2134,52299,
1990,New Jersey,NJ,34,7730188,6130465,1036825,14970,1176681,
1990,New Mexico,NM,35,1515069,1146028,30210,134355,97769,
1990,Nevada,NV,32,1201833,1012695,78771,19637,119917,
1990,New York,NY,36,17990455,13385255,2859055,62651,3474189,
1990,Ohio,OH,39,10847115,9521756,1154826,20358,322080,
1990,Oklahoma,OK,40,3145585,2583512,233801,252420,91494,
1990,Oregon,OR,41,2842321,2636787,46178,38496,164986,
1990,Pennsylvania,PA,42,11881643,10520201,1089795,14733,491717,
1990,Rhode Island,RI,44,1003464,917375,38861,4071,109407,
1990,South Carolina,SC,45,3486703,2406974,1039884,8246,77813,
1990,South Dakota,SD,46,696004,637515,3258,50575,11453,
1990,Tennessee,TN,47,4877185,4048068,778035,10039,83760,
1990,Texas,TX,48,16986510,12774762,2021632,65877,1735939,
1990,Utah,UT,49,1722850,1615845,11576,24283,74414,
1990,Virginia,VA,51,6187358,4791739,1162994,15282,398933,
1990,Vermont,VT,50,562758,555088,1951,1696,22299,
1990,Washington,WA,53,4866692,4308937,149801,81483,394233,
1990,Wisconsin,WI,55,4891769,4512523,244539,39387,148968,
1990,West Virginia,WV,54,1793477,1725523,56295,2458,21011,
1990,Wyoming,WY,56,453588,427061,3606,9479,10920,
