scenario,state,abbr,fips,population,foreign_born_share,second_generation_proxy,third_plus_proxy,black_alone_share,old_stock_factor,fertility_factor,average_qualifying_ancestry,any_qualifying_ancestor_share,primary_qualifying_ancestry_share,average_qualifying_ancestry_uncalibrated,any_qualifying_ancestor_share_uncalibrated,primary_qualifying_ancestry_share_uncalibrated
low,Alabama,AL,01,5024279,0.037,0.042352867111974175,0.9206471328880258,0.26,0.8648,1.03,0.45639642196579333,0.6806870960192551,0.39134946635591544,0.3789981309894969,0.4960896164384011,0.3453391311839495
low,Alaska,AK,02,733391,0.08,0.07848622226457344,0.8415137777354266,0.03,0.4416,1.07,0.2917157262376441,0.439003271993211,0.24782271527035638,0.242244920650577,0.31994871959810806,0.21868659225736167
low,Arizona,AZ,04,7151502,0.135,0.11928571858562126,0.7457142814143787,0.05,0.5704,1.06,0.32598854426710705,0.49592899291928755,0.27378339586638917,0.27070556002404506,0.36143659152171204,0.2415951168695416
low,Arkansas,AR,05,3011524,0.05,0.053888666858134066,0.8961113331418659,0.15,0.9384,1.04,0.5626090215340055,0.8419331505982943,0.48075097645927967,0.4671985961695358,0.613606892490977,0.4242298477425111
low,California,CA,06,39538223,0.267,0.20584031860735083,0.5271596813926491,0.055,0.4416,0.96,0.1733673905829302,0.27268156006479466,0.14033176139504785,0.14396676626527383,0.19873226822349252,0.12383317909932957
low,Colorado,CO,08,5773714,0.1,0.09382561857725158,0.8061743814227484,0.04,0.7176,0.98,0.43961496752417184,0.6641474307018276,0.3719518983812069,0.36506257066835,0.4840353902435357,0.32822210446651623
low,Connecticut,CT,09,3605944,0.155,0.13322532699376627,0.7117746730062338,0.11,0.8464,0.92,0.40610968203202635,0.6210324340506566,0.339177255235944,0.3372393013160228,0.45261287279534634,0.2993007240592781
low,Delaware,DE,10,989948,0.1,0.09382561857725158,0.8061743814227484,0.22,0.8096,0.98,0.3800660133562447,0.5750609524100007,0.3210510218213457,0.31561226552613497,0.41910852868835474,0.2833055631170068
low,District of Columbia,DC,11,689545,0.14,0.12280720997971671,0.7371927900202833,0.44,0.5060000000000001,0.88,0.11951132985749578,0.18408389570625835,0.09903293682645391,0.0992439214421689,0.13416165775356645,0.0873897917395885
low,Florida,FL,12,21538187,0.21,0.16986224986394183,0.6201377501360582,0.15,0.5704,0.92,0.21747949858266358,0.3377624965867581,0.17857547031963328,0.18059809307080874,0.2461637195106482,0.15758063590883226
low,Georgia,GA,13,10711908,0.105,0.09756024349740267,0.7974397565025974,0.31,0.7360000000000001,1.02,0.2909460560456828,0.44127949373130176,0.2451427251844011,0.24160577549037784,0.3216076462555722,0.216321684349135
low,Hawaii,HI,15,1455271,0.185,0.15348248390601385,0.6615175160939861,0.02,0.276,1.02,0.14563507985410776,0.24014170738425328,0.12098676045413753,0.12093745790879544,0.1750169912193355,0.10676253919302406
low,Idaho,ID,16,1839106,0.06,0.062350858362369206,0.8776491416376307,0.01,0.6992,1.08,0.4929654794255837,0.7389586345540169,0.4205055229688029,0.40936560050122517,0.5385583298458427,0.37106735652995654
low,Illinois,IL,17,12812508,0.14,0.12280720997971671,0.7371927900202833,0.14,0.7912,0.95,0.37860747263615363,0.5773321792416078,0.31717718472617323,0.31440107240480064,0.4207638150223044,0.2798871668962276
low,Indiana,IN,18,6785528,0.055,0.058158284541000915,0.886841715458999,0.095,0.92,1.0,0.5802134197422754,0.8690608462436863,0.495332026549948,0.48181754079094913,0.6333777507991232,0.43709662693336754
low,Iowa,IA,19,3190369,0.055,0.058158284541000915,0.886841715458999,0.04,0.9660000000000001,1.0,0.6514486726289493,0.9756272800357579,0.5562238079163349,0.5409723159058099,0.7110441287491197,0.4908294582800358
low,Kansas,KS,20,2937880,0.075,0.0745367490736329,0.8504632509263671,0.06,0.8648,1.03,0.550699470852386,0.8280522265814875,0.46824901830979065,0.4573087345667277,0.6034903759423608,0.4131977249555693
low,Kentucky,KY,21,4505836,0.04,0.04507849720262359,0.9149215027973764,0.08,1.0120000000000002,1.03,0.6753769075256538,1.0,0.5787695433075715,0.5608426651619842,0.7345482424067802,0.5107245273711277
low,Louisiana,LA,22,4657757,0.045,0.049532636765459374,0.9054673632345406,0.32,0.7176,1.02,0.3357150522951733,0.5020312313476579,0.28708160637251845,0.2787825917146391,0.36588394646504757,0.25332987788825573
low,Maine,ME,23,1362359,0.04,0.04507849720262359,0.9149215027973764,0.02,1.0672,0.92,0.7420824689142648,1.0,0.6359865350010792,0.6162359195262429,0.8070323866381047,0.5612146082300217
low,Maryland,MD,24,6177224,0.155,0.13322532699376627,0.7117746730062338,0.29,0.7176,0.96,0.2452023629860549,0.3768084050980332,0.20370464865898066,0.2036195570632413,0.27462065646468653,0.17975541666395511
low,Massachusetts,MA,25,7029917,0.18,0.1501548762566976,0.6698451237433025,0.075,0.8280000000000001,0.89,0.3915898944843438,0.6018365354771753,0.32527594593859677,0.32518186160334095,0.4386227648350224,0.2870337696163167
low,Michigan,MI,26,10077331,0.07,0.07053422004273803,0.8594657799572619,0.135,0.874,0.94,0.49821029819913254,0.7486204964161923,0.4239176283032108,0.4137209731923428,0.5455999637673882,0.37407830605970727
low,Minnesota,MN,27,5706494,0.09,0.08624132967542593,0.8237586703245741,0.07,0.874,0.98,0.525783544337916,0.7929375178576171,0.4456772611968203,0.4366181920331503,0.5778985254665024,0.39327969347523706
low,Mississippi,MS,28,2961279,0.025,0.030950911486460918,0.9440490885135391,0.37,0.782,1.04,0.3581546495185864,0.5322546902213532,0.30823668396814785,0.2974167549081185,0.38791101912115844,0.2719977866119628
low,Missouri,MO,29,6154913,0.045,0.049532636765459374,0.9054673632345406,0.115,0.9660000000000001,0.99,0.6052873404614216,0.9046590552752548,0.5178930379877292,0.5026392839768488,0.6593219797519595,0.45700517609047503
low,Montana,MT,30,1084225,0.025,0.030950911486460918,0.9440490885135391,0.006,0.6992,1.02,0.5205889774734747,0.7734065324966526,0.44817459287000266,0.4323045492476887,0.56366420386257,0.3954834178301609
low,Nebraska,NE,31,1961504,0.075,0.0745367490736329,0.8504632509263671,0.05,0.874,1.04,0.5649381296567569,0.8494277567343569,0.48037607582155145,0.4691327209411393,0.6190690149627257,0.4238990235772991
low,Nevada,NV,32,3104614,0.19,0.1567921506166238,0.6532078493833763,0.09,0.4232,0.98,0.19471818619213815,0.3001054569915668,0.1612467912619945,0.16169677299095114,0.2187190001407137,0.1422892621245429
low,New Hampshire,NH,33,1377529,0.065,0.06647404727910695,0.8685259527208931,0.018,1.058,0.9,0.6993555827496848,1.0,0.5959421033328829,0.5807549007890046,0.7647986597643875,0.5258781367897537
low,New Jersey,NJ,34,9288994,0.235,0.18585563202128721,0.5791443679787128,0.13,0.6624,0.95,0.24508306501425645,0.3832225196115981,0.19971348382205978,0.20352049031738972,0.27929530892605237,0.17623348673767106
low,New Mexico,NM,35,2117522,0.095,0.09005344274488154,0.8149465572551184,0.02,0.47840000000000005,1.02,0.30679192193201976,0.462987423374491,0.2598659338598395,0.25476440966407443,0.33742854039818265,0.22931390876574312
low,New York,NY,36,20201249,0.225,0.17950123907969553,0.5954987609203045,0.155,0.7176,0.92,0.2577863200574028,0.402355140953538,0.2104962107428996,0.21406945539932065,0.2932392999881595,0.18574850558082967
low,North Carolina,NC,37,10439388,0.085,0.08238659933697404,0.832613400663026,0.205,0.8280000000000001,1.0,0.41679784790821994,0.6285013090882083,0.3533399547081279,0.3461149074685327,0.4580562422587519,0.31179833744939134
low,North Dakota,ND,38,779094,0.045,0.049532636765459374,0.9054673632345406,0.035,0.7544,1.08,0.5319095475853586,0.7948752394333465,0.45517700664019123,0.4417053129426792,0.5793107507883716,0.40166256893544994
low,Ohio,OH,39,11799448,0.05,0.053888666858134066,0.8961113331418659,0.12,0.9568000000000001,0.97,0.5863560320383361,0.8774046598226832,0.5010814549058423,0.4869184540925319,0.6394587817195639,0.4421701041293813
low,Oklahoma,OK,40,3959353,0.06,0.062350858362369206,0.8776491416376307,0.07,0.7912,1.06,0.5169187999102719,0.77498845227571,0.4408650641575537,0.4292567811892492,0.5648171182942059,0.3890332587985767
low,Oregon,OR,41,4237256,0.1,0.09382561857725158,0.8061743814227484,0.02,0.6624,0.92,0.40981144249946866,0.6190433384945164,0.34678186069087386,0.34031329627086626,0.45116320574968666,0.30601126812940543
low,Pennsylvania,PA,42,13002700,0.075,0.0745367490736329,0.8504632509263671,0.11,0.9568000000000001,0.94,0.5579732057350965,0.8391720656997994,0.4743259047119552,0.46334894827827816,0.6115945940997505,0.4185601614754609
low,Rhode Island,RI,44,1097379,0.145,0.1263036316409768,0.7286963683590232,0.055,0.7912,0.9,0.42127038109456016,0.6422398521953205,0.3530053736090908,0.3498289631377476,0.4680689905836253,0.31150309251874675
low,South Carolina,SC,45,5118425,0.055,0.058158284541000915,0.886841715458999,0.26,0.7912,1.0,0.39523171116800904,0.592313708704704,0.337220814737398,0.32820607838087507,0.4316824606797179,0.297574299162696
low,South Dakota,SD,46,886667,0.04,0.04507849720262359,0.9149215027973764,0.025,0.7176,1.08,0.5164964749393638,0.7707194096121195,0.44264980145141547,0.4289060764796133,0.5617058095152895,0.39060816736352993
low,Tennessee,TN,47,6910840,0.055,0.058158284541000915,0.886841715458999,0.165,0.9568000000000001,1.0,0.5501933926828237,0.8242621562884849,0.46960568671443664,0.4568884800003739,0.600728145647522,0.4143948920107022
low,Texas,TX,48,29145505,0.17,0.14344340092170968,0.6865565990782903,0.12,0.6256,1.08,0.29534937553495205,0.4533397881806936,0.24567795342590976,0.24526235511340508,0.3303972749741453,0.21679398665640226
low,Utah,UT,49,3271616,0.09,0.08624132967542593,0.8237586703245741,0.015,0.6624,1.18,0.44774530150867486,0.6750468583551181,0.3796470061633341,0.3718141165529012,0.4919789709512359,0.3350125106489788
low,Vermont,VT,50,643077,0.045,0.049532636765459374,0.9054673632345406,0.014,1.0856,0.9,0.748942844469219,1.0,0.6409233802386523,0.6219328737267483,0.815657822652198,0.5655710364142947
low,Virginia,VA,51,8631393,0.125,0.11216295608837634,0.7628370439116237,0.19,0.7912,0.98,0.3649915959869147,0.5551372524530986,0.30661549380339126,0.3030942532592468,0.404587993882486,0.2705671971999107
low,Washington,WA,53,7705281,0.145,0.1263036316409768,0.7286963683590232,0.04,0.6256,0.92,0.3423144942546063,0.5217616281700889,0.2869073631286962,0.28426286291708563,0.38026360056611536,0.2531761201458559
low,West Virginia,WV,54,1793716,0.018,0.023797944119408086,0.9582020558805919,0.035,1.0856,0.98,0.7858730818727079,1.0,0.6780212740482181,0.6526002722410376,0.8490903579576696,0.5983073897719317
low,Wisconsin,WI,55,5893718,0.055,0.058158284541000915,0.886841715458999,0.065,0.9384,0.95,0.6063655428168913,0.9081633038839718,0.5176989526061645,0.5035346386682624,0.6618759011622076,0.4568339090189515
low,Wyoming,WY,56,576851,0.035,0.04051127126704603,0.924488728732954,0.01,0.6624,1.05,0.4857591624297916,0.7237922791067553,0.416932941684618,0.4033813715693696,0.5275049816913073,0.3679147979529572
central,Alabama,AL,01,5024279,0.037,0.04858452138288944,0.9144154786171105,0.26,0.94,1.03,0.5037657892602135,0.7876083134756221,0.45668471853509784,0.40889929019133264,0.5362883370132732,0.37182789940968275
central,Alaska,AK,02,733391,0.08,0.08335270778022749,0.8366472922197725,0.03,0.48,1.07,0.3229391609117279,0.5091792589930426,0.2901994726751732,0.2621249725307997,0.3467039305895816,0.23627736150386308
central,Arizona,AZ,04,7151502,0.135,0.120223774793981,0.744776225206019,0.05,0.62,1.06,0.36213335953419057,0.5765372552409241,0.3220986179896851,0.2939383277407241,0.39256848937377575,0.2622493104521562
central,Arkansas,AR,05,3011524,0.05,0.059984041693027505,0.8900159583069724,0.15,1.02,1.04,0.6217679347315139,0.9753312065730896,0.5617270640930093,0.5046798980708918,0.6641102459952907,0.45735227347490015
central,California,CA,06,39538223,0.267,0.19378252248673494,0.539217477513265,0.055,0.48,0.96,0.19660890668684142,0.32193889308225343,0.16954120418384733,0.15958456112631608,0.2192105779446163,0.13803866706396747
central,Colorado,CO,08,5773714,0.1,0.09744436321658786,0.8025556367834121,0.04,0.78,0.98,0.4871093089801419,0.7707281332590676,0.4361123789323898,0.39537946985258154,0.5247944972176112,0.35507811666031824
central,Connecticut,CT,09,3605944,0.155,0.1324307719588828,0.7125692280411171,0.11,0.92,0.92,0.45207858569570614,0.723085266393083,0.4000990225798152,0.36694554640785976,0.49235411612341834,0.3257564203131675
central,Delaware,DE,10,989948,0.1,0.09744436321658786,0.8025556367834121,0.22,0.88,0.98,0.42055948542511695,0.6665130885375744,0.3758827164317718,0.34136195577333145,0.4538337010081087,0.3060397582900287
central,District of Columbia,DC,11,689545,0.14,0.12332364342869569,0.7366763565713043,0.44,0.55,0.88,0.13270648753309788,0.2139069255507509,0.11646409365254234,0.1077159063058955,0.14565081070945918,0.09482384135467689
central,Florida,FL,12,21538187,0.21,0.1637986161163232,0.6262013838836769,0.15,0.62,0.92,0.24432119766026536,0.3960459816472313,0.2130860683782321,0.19831192675605716,0.26967064369992455,0.1734924379617858
central,Georgia,GA,13,10711908,0.105,0.10082987557261995,0.7941701244273801,0.31,0.8,1.02,0.3217634887926276,0.5111542641717165,0.2868558920128471,0.26117069674382376,0.3480487262510058,0.23355505325985734
central,Hawaii,HI,15,1455271,0.185,0.14989147448643586,0.665108525513564,0.02,0.3,1.02,0.1626532492884049,0.2612031661819549,0.1433276023717995,0.13202325286719382,0.1778551714318058,0.11669582789693607
central,Idaho,ID,16,1839106,0.06,0.06814948796887144,0.8718505120311285,0.01,0.76,1.08,0.5455168984862829,0.8570076426636578,0.49207038947938564,0.4427880521739814,0.5835428545231881,0.40063854089254547
central,Illinois,IL,17,12812508,0.14,0.12332364342869569,0.7366763565713043,0.14,0.86,0.95,0.4207374862725496,0.6713333513271154,0.3733309011354554,0.3415064364461369,0.457115853660818,0.30396209708788824
central,Indiana,IN,18,6785528,0.055,0.06412252337581774,0.8808774766241823,0.095,1.0,1.0,0.6415820628490616,1.0,0.5791360488844075,0.5207627347695156,0.685834295655358,0.47152648597450936
central,Iowa,IA,19,3190369,0.055,0.06412252337581774,0.8808774766241823,0.04,1.05,1.0,0.7206891754404124,1.0,0.650650511801023,0.5849728158772283,0.7702758051155378,0.5297528102732348
central,Kansas,KS,20,2937880,0.075,0.07967087855349178,0.8453291214465083,0.06,0.94,1.03,0.6093975941642087,0.9601255349965838,0.5480429795809495,0.49463907436822585,0.6537565915411511,0.44621083564491343
central,Kentucky,KY,21,4505836,0.04,0.05130961026039921,0.9086903897396008,0.08,1.1,1.03,0.7469136534457209,1.0,0.6767372006701191,0.6062588394036689,0.7955566778239511,0.5509923182555991
central,Louisiana,LA,22,4657757,0.045,0.05571927816268332,0.8992807218373167,0.32,0.78,1.02,0.3701703347439685,0.5803283374092717,0.33462584287989805,0.3004618224452564,0.3951498653150376,0.2724488453332486
central,Maine,ME,23,1362359,0.04,0.05130961026039921,0.9086903897396008,0.02,1.16,0.92,0.8210822207027054,1.0,0.7440141353252242,0.6664603758169004,0.8744678523779366,0.6057684915678394
central,Maryland,MD,24,6177224,0.155,0.1324307719588828,0.7125692280411171,0.29,0.78,0.96,0.2730944584374995,0.43892481585631427,0.2404285492320888,0.22166675981365472,0.29886715965540106,0.19575439858343874
central,Massachusetts,MA,25,7029917,0.18,0.14704405663643205,0.672955943363568,0.075,0.9,0.89,0.43724545072891147,0.7023274764761802,0.3851988260288431,0.3549057086726664,0.47821998314876524,0.3136248368388814
central,Michigan,MI,26,10077331,0.07,0.0759146073202896,0.8540853926797103,0.135,0.95,0.94,0.5508631841500786,0.8674172038033101,0.49569186574825586,0.4471275537036436,0.5906308018405382,0.40358710881952886
central,Minnesota,MN,27,5706494,0.09,0.0905162344217584,0.8194837655782417,0.07,0.95,0.98,0.5821563827611783,0.9196957733396918,0.5220572257629474,0.47252778327994294,0.6262276672346802,0.42505350792061763
central,Mississippi,MS,28,2961279,0.025,0.03692450891010967,0.9380754910898903,0.37,0.85,1.04,0.394886510457687,0.6151022401207497,0.3593429013377535,0.3205235791604656,0.41882767335429605,0.2925732146255931
central,Missouri,MO,29,6154913,0.045,0.05571927816268332,0.8992807218373167,0.115,1.05,0.99,0.6691759708166007,1.0,0.6053344553553942,0.5431603044776554,0.7138607447090141,0.49285695325450746
central,Montana,MT,30,1084225,0.025,0.03692450891010967,0.9380754910898903,0.006,0.76,1.02,0.5762594062835816,0.8972456668643317,0.5246147299966364,0.4677412941070571,0.6109412233748993,0.42713580099579274
central,Nebraska,NE,31,1961504,0.075,0.07967087855349178,0.8453291214465083,0.05,0.95,1.04,0.6252018770595057,0.9849814240278844,0.5622825188398872,0.5074671786096036,0.6706811505707012,0.45780451889360224
central,Nevada,NV,32,3104614,0.19,0.1527158953016158,0.6572841046983843,0.09,0.46,0.98,0.21776502093994013,0.35064053134920287,0.19133337059752223,0.1767566682557075,0.23875373612664996,0.1557816199860067
central,New Hampshire,NH,33,1377529,0.065,0.07207689535706756,0.8629231046429325,0.018,1.15,0.9,0.7739314073633659,1.0,0.6974312623740323,0.6281887533339351,0.8286486281040975,0.5678412058608213
central,New Jersey,NJ,34,9288994,0.235,0.17721652874513483,0.5877834712548652,0.13,0.72,0.95,0.2766747771798617,0.4510080139371997,0.23980004627948084,0.22457285193745793,0.3070946987680905,0.19524267808315438
central,New Mexico,NM,35,2117522,0.095,0.09400766066477574,0.8109923393352243,0.02,0.52,1.02,0.33988211685476,0.537248660774335,0.3046150951040113,0.27587732095648904,0.36581659426350643,0.24801440981936532
central,New York,NY,36,20201249,0.225,0.17190340716345587,0.6030965928365442,0.155,0.78,0.92,0.29058797729677177,0.4730256926667626,0.2522545207224725,0.2358659920699965,0.322086699371364,0.2053829803145137
central,North Carolina,NC,37,10439388,0.085,0.08696609506546628,0.8280339049345338,0.205,0.9,1.0,0.4608144816560936,0.7280379852449084,0.41321868138692497,0.37403634481763953,0.4957264590904684,0.3364383086646483
central,North Dakota,ND,38,779094,0.045,0.05571927816268332,0.8992807218373167,0.035,0.82,1.08,0.5884608175284651,0.9217804073990871,0.5324151121875622,0.47764500036049695,0.6276471100133639,0.4334867902164267
central,Ohio,OH,39,11799448,0.05,0.059984041693027505,0.8900159583069724,0.12,1.04,0.97,0.6482085435136885,1.0,0.585668350746062,0.5261413517736825,0.6922900077557785,0.4768450175148686
central,Oklahoma,OK,40,3959353,0.06,0.06814948796887144,0.8718505120311285,0.07,0.86,1.06,0.5717528032681011,0.8983897420025994,0.5156370145847526,0.46408335064704126,0.6117202326144187,0.41982623943698594
central,Oregon,OR,41,4237256,0.1,0.09744436321658786,0.8025556367834121,0.02,0.72,0.92,0.45413669937797674,0.7184603186279431,0.406649679317919,0.3686160870474879,0.4892049549181552,0.33108989620107554
central,Pennsylvania,PA,42,13002700,0.075,0.07967087855349178,0.8453291214465083,0.11,1.04,0.94,0.6171907135823286,0.9726401053643898,0.5549103501897193,0.5009646349092166,0.6622778552405775,0.45180217663858074
central,Rhode Island,RI,44,1097379,0.145,0.12639046843988785,0.7286095315601121,0.055,0.86,0.9,0.4684214820576265,0.7471403918165868,0.4158082091998295,0.38021083528718846,0.508733429278568,0.33854667500154656
central,South Carolina,SC,45,5118425,0.055,0.06412252337581774,0.8808774766241823,0.26,0.86,1.0,0.43620603654718737,0.6852507073163042,0.393486750594134,0.35406203145165877,0.4665922844848241,0.32037277793807806
central,South Dakota,SD,46,886667,0.04,0.05130961026039921,0.9086903897396008,0.025,0.78,1.08,0.5714594249989278,0.8938362040199798,0.5178171504020687,0.463845219816048,0.6086196948592374,0.42160128311258926
central,Tennessee,TN,47,6910840,0.055,0.06412252337581774,0.8808774766241823,0.165,1.04,1.0,0.6079615516335047,0.9546797737780955,0.5486530461230675,0.493473459743319,0.6500485323730772,0.4467075454134897
central,Texas,TX,48,29145505,0.17,0.14127683823733833,0.6887231617626617,0.12,0.68,1.08,0.32943181426210383,0.5286293811602707,0.2905303612299933,0.2673949638700801,0.3599476629033475,0.23654676748852602
central,Utah,UT,49,3271616,0.09,0.0905162344217584,0.8194837655782417,0.015,0.72,1.18,0.49593020549834355,0.783222805636504,0.44488323451025885,0.4025392619663743,0.5333022122279459,0.3622192551157626
central,Vermont,VT,50,643077,0.045,0.05571927816268332,0.8992807218373167,0.014,1.18,0.9,0.8287021936465244,1.0,0.7498068410603926,0.6726453959084401,0.8838508462574501,0.6104848517130073
central,Virginia,VA,51,8631393,0.125,0.11391836180922191,0.7610816381907781,0.19,0.86,0.98,0.4048905577047926,0.6446495167315521,0.36010481107576703,0.3286437173389417,0.43894663295104347,0.2931935535288393
central,Washington,WA,53,7705281,0.145,0.12639046843988785,0.7286095315601121,0.04,0.68,0.92,0.380629344913015,0.6069851932454575,0.33795171617289593,0.3089512473434961,0.41330071598763296,0.2751567364232
central,West Virginia,WV,54,1793716,0.018,0.029339146484682246,0.9526608535153177,0.035,1.18,0.98,0.8700928952115522,1.0,0.7939560979075911,0.7062416202874618,0.9145679534018215,0.6464307127583462
central,Wisconsin,WI,55,5893718,0.055,0.06412252337581774,0.8808774766241823,0.065,1.02,0.95,0.6706767577788697,1.0,0.6054548660275155,0.5443784712064866,0.7168719852316704,0.4929549903585844
central,Wyoming,WY,56,576851,0.035,0.046730922346823814,0.9182690776531761,0.01,0.72,1.05,0.5375404468963147,0.8395275401768725,0.4878317997595864,0.43631368360248085,0.5716405232081571,0.39718752567787435
high,Alabama,AL,01,5024279,0.037,0.05573307969360787,0.9072669203063921,0.26,1.0152,1.03,0.5712257714872429,0.9126984248156887,0.5307521458559844,0.4553751640736094,0.5985707285521058,0.41314209020307124
high,Alaska,AK,02,733391,0.08,0.08852093646290819,0.8314790635370919,0.03,0.5184,1.07,0.35472885200620324,0.5711920638317037,0.32694089720915676,0.2827861018304484,0.374602213058456,0.2544936402056668
high,Arizona,AZ,04,7151502,0.135,0.1211692078238117,0.7438307921761883,0.05,0.6696000000000001,1.06,0.4006373474932625,0.6505535670676227,0.36598013313688654,0.3193838705381914,0.42664949562115706,0.2848821212641862
high,Arkansas,AR,05,3011524,0.05,0.06676886751166232,0.8832311324883376,0.15,1.1016000000000001,1.04,0.692828812144701,1.0,0.6415959342391568,0.5523158263393638,0.7283305780533765,0.49942385990707294
high,California,CA,06,39538223,0.267,0.1824310527470244,0.5505689472529756,0.055,0.5184,0.96,0.222526805268419,0.36979734898928307,0.19818640363315254,0.1773960236353683,0.2425224615084135,0.15427002167796694
high,Colorado,CO,08,5773714,0.1,0.10120267861456447,0.7987973213854356,0.04,0.8424,0.98,0.5364317530554066,0.8664362287290357,0.49280783408395334,0.4276377393231025,0.5682308094034557,0.38360590763798447
high,Connecticut,CT,09,3605944,0.155,0.1316409556453649,0.713359044354635,0.11,0.9936000000000001,0.92,0.5065976694406603,0.8258713274999537,0.4608126180837263,0.40385432232901425,0.5416273204281798,0.3587005530048648
high,Delaware,DE,10,989948,0.1,0.10120267861456447,0.7987973213854356,0.22,0.9504,0.98,0.4774307431888699,0.7722940694127699,0.43790963522956683,0.38060275615255973,0.5064899984660586,0.3408726717949035
high,District of Columbia,DC,11,689545,0.14,0.12384224860283045,0.7361577513971695,0.44,0.5940000000000001,0.88,0.16688779815259924,0.27366064900941267,0.1508450459574929,0.13304119362079678,0.17947358031946342,0.11741909678603003
high,Florida,FL,12,21538187,0.21,0.15795143808064005,0.63204856191936,0.15,0.6696000000000001,0.92,0.2795498294402176,0.4607749591227547,0.251249259319557,0.2228541774588537,0.30218788099296945,0.1955746104235649
high,Georgia,GA,13,10711908,0.105,0.10420908603267977,0.7907909139673203,0.31,0.8640000000000001,1.02,0.37426122352952734,0.6066517386240552,0.34253103239399946,0.2983571025295635,0.3978575653167496,0.26662913713602127
high,Hawaii,HI,15,1455271,0.185,0.14638448344031205,0.6686155165596879,0.02,0.324,1.02,0.18015934013786356,0.29467460049097693,0.1632912961842182,0.1436211270039048,0.19325506159091252,0.12710736629941416
high,Idaho,ID,16,1839106,0.06,0.07448739010820696,0.865512609891793,0.01,0.8208000000000001,1.08,0.5973467029448664,0.958755788635678,0.5524215530950167,0.47619849530619973,0.6287763135157126,0.4300097454167057
high,Illinois,IL,17,12812508,0.14,0.12384224860283045,0.7361577513971695,0.14,0.9288000000000001,0.95,0.47307870117845613,0.7696712964266043,0.4312596316652595,0.37713335413418164,0.504769917556011,0.3356962511362835
high,Indiana,IN,18,6785528,0.055,0.0706984058510803,0.8743015941489196,0.095,1.08,1.0,0.7096204433582171,1.0,0.656651743655818,0.5657019377520369,0.7465211252087492,0.5111434330085
high,Iowa,IA,19,3190369,0.055,0.0706984058510803,0.8743015941489196,0.04,1.1340000000000001,1.0,0.7917232204157,1.0,0.7327518326155738,0.6311534062250157,0.8327562372590843,0.5703804046589249
high,Kansas,KS,20,2937880,0.075,0.0851586495034115,0.8398413504965886,0.06,1.0152,1.03,0.6716973156009586,1.0,0.6194972164808277,0.5354700200294107,0.708873215860653,0.48222202564833555
high,Kentucky,KY,21,4505836,0.04,0.05840203796591606,0.9015979620340839,0.08,1.1880000000000002,1.03,0.8240969777411337,1.0,0.7653092984812153,0.6569614243320521,0.8422182349676497,0.5957234194813201
high,Louisiana,LA,22,4657757,0.045,0.06267863295207085,0.8923213670479291,0.32,0.8424,1.02,0.425617419177418,0.6818955384226231,0.3943482498435883,0.3392977203845072,0.4472043537409246,0.30696411023557246
high,Maine,ME,23,1362359,0.04,0.05840203796591606,0.9015979620340839,0.02,1.2528,0.92,0.8997433244007997,1.0,0.8356549186496661,0.7172658945453395,0.8968380846846857,0.6504810625355059
high,Maryland,MD,24,6177224,0.155,0.1316409556453649,0.713359044354635,0.29,0.8424,0.96,0.3210093776500703,0.5253996507284842,0.2907455062721291,0.255905292290953,0.3445703894811464,0.22631883284181956
high,Massachusetts,MA,25,7029917,0.18,0.14399768513101346,0.6760023148689867,0.075,0.9720000000000001,0.89,0.48866807935748546,0.7994523010695076,0.44281219010999445,0.3895610421000065,0.5243010541959324,0.3446888631875328
high,Michigan,MI,26,10077331,0.07,0.08170541335966909,0.8482945866403309,0.135,1.026,0.94,0.6133499491297562,0.986539662543095,0.5659584842370845,0.4889561144839565,0.6469976812693831,0.4405470104482944
high,Minnesota,MN,27,5706494,0.09,0.09500304233167832,0.8149969576683217,0.07,1.026,0.98,0.6431917806044773,1.0,0.5917162959562752,0.5127457079903511,0.6804144838525299,0.4605971152963135
high,Mississippi,MS,28,2961279,0.025,0.044051024437492856,0.9309489755625071,0.37,0.918,1.04,0.4580851955772138,0.7291848830822836,0.4272762062255689,0.365180689506625,0.4782179029221898,0.33259551810077653
high,Missouri,MO,29,6154913,0.045,0.06267863295207085,0.8923213670479291,0.115,1.1340000000000001,0.99,0.7417843930671911,1.0,0.6877713580692643,0.5913426994386908,0.7788793421063718,0.5353672117448999
high,Montana,MT,30,1084225,0.025,0.044051024437492856,0.9309489755625071,0.006,0.8208000000000001,1.02,0.6306024918955804,1.0,0.5884781765456152,0.5027096597279312,0.6580039715818519,0.4580765349612314
high,Nebraska,NE,31,1961504,0.075,0.0851586495034115,0.8398413504965886,0.05,1.026,1.04,0.6882459395026511,1.0,0.6347894712987706,0.5486624085744958,0.7263053922902498,0.49412564990823116
high,Nevada,NV,32,3104614,0.19,0.14874561376991133,0.6612543862300887,0.09,0.4968000000000001,0.98,0.24451300640707224,0.40082973315525694,0.22108033033403535,0.19492319143944417,0.2628742845135719,0.1720908534993895
high,New Hampshire,NH,33,1377529,0.065,0.07815198648129403,0.856848013518706,0.018,1.242,0.9,0.8483505714523762,1.0,0.7838626672597394,0.6762961335957401,0.8619313570887676,0.6101655232341098
high,New Jersey,NJ,34,9288994,0.235,0.16897899578786024,0.5960210042121398,0.13,0.7776000000000001,0.95,0.3169654839737335,0.5248080562014233,0.2834557536348388,0.2526815428764901,0.34418240681629,0.22064442593617015
high,New Mexico,NM,35,2117522,0.095,0.0981355070310838,0.8068644929689163,0.02,0.5616000000000001,1.02,0.3732170069539177,0.6022912049804972,0.34318090685830893,0.29752466408196226,0.39499781698265163,0.2671350050757946
high,New York,NY,36,20201249,0.225,0.16462717219063228,0.6103728278093677,0.155,0.8424,0.92,0.33441469813915536,0.5530650291041185,0.2994418598037668,0.26659187248722616,0.3627140448658012,0.23308815012721884
high,North Carolina,NC,37,10439388,0.085,0.09180014409869562,0.8231998559013044,0.205,0.9720000000000001,1.0,0.5202177158655613,0.8392258636166676,0.47852722337934067,0.41471207977801966,0.5503855632338154,0.37248975596164074
high,North Dakota,ND,38,779094,0.045,0.06267863295207085,0.8923213670479291,0.035,0.8856,1.08,0.645951517733929,1.0,0.5990321779465329,0.5149457413411785,0.6781280791877308,0.46629186151775254
high,Ohio,OH,39,11799448,0.05,0.06676886751166232,0.8832311324883376,0.12,1.1232000000000002,0.97,0.7191963234070562,1.0,0.6660775563810766,0.573335728393233,0.7559795494032314,0.5184805676797043
high,Oklahoma,OK,40,3959353,0.06,0.07448739010820696,0.865512609891793,0.07,0.9288000000000001,1.06,0.6305015913189084,1.0,0.5829671793237624,0.5026292228517422,0.6638018046843951,0.45378672675392295
high,Oregon,OR,41,4237256,0.1,0.10120267861456447,0.7987973213854356,0.02,0.7776000000000001,0.92,0.4988419934549504,0.8056184470350267,0.4583371819713677,0.39767157918124074,0.5283449687931169,0.35677365198786637
high,Pennsylvania,PA,42,13002700,0.075,0.0851586495034115,0.8398413504965886,0.11,1.1232000000000002,0.94,0.6849376362978361,1.0,0.6315501456512691,0.5460250641305021,0.7230189982582489,0.4916041306278921
high,Rhode Island,RI,44,1097379,0.145,0.12647736494119657,0.7285226350588034,0.055,0.9288000000000001,0.9,0.5192057444233016,0.8444170633788642,0.47348982684087276,0.413905346810848,0.5537900834337325,0.36856860264867974
high,South Carolina,SC,45,5118425,0.055,0.0706984058510803,0.8743015941489196,0.26,0.9288000000000001,1.0,0.4957172692736893,0.7956869331312574,0.4584060666063182,0.39518058199982536,0.5218316305957763,0.35682727238730994
high,South Dakota,SD,46,886667,0.04,0.05840203796591606,0.9015979620340839,0.025,0.8424,1.08,0.6265427411524195,1.0,0.581909084157359,0.49947326922693625,0.6567979610752174,0.4529630962663313
high,Tennessee,TN,47,6910840,0.055,0.0706984058510803,0.8743015941489196,0.165,1.1232000000000002,1.0,0.6792335943226608,1.0,0.6283745384347252,0.5414778619908552,0.7147269180698346,0.4891322103288399
high,Texas,TX,48,29145505,0.17,0.1391429992184347,0.6908570007815653,0.12,0.7344,1.08,0.3708584311823344,0.6062284239233151,0.3363521367469826,0.29564443233722076,0.39757994482137077,0.2618194309809229
high,Utah,UT,49,3271616,0.09,0.09500304233167832,0.8149969576683217,0.015,0.7776000000000001,1.18,0.544072729508194,0.8773382102964546,0.5006937826957903,0.4337290452122108,0.5753806048583886,0.3897443986797378
high,Vermont,VT,50,643077,0.045,0.06267863295207085,0.8923213670479291,0.014,1.2744,0.9,0.9075804523880722,1.0,0.8416956782755843,0.7235135703702209,0.895485047200306,0.6551832424093925
high,Virginia,VA,51,8631393,0.125,0.11570124049754482,0.7592987595024552,0.19,0.9288000000000001,0.98,0.4587954106049272,0.7450784936685632,0.4190542262610995,0.36574686544075785,0.48864133503217067,0.32619545732918925
high,Washington,WA,53,7705281,0.145,0.12647736494119657,0.7285226350588034,0.04,0.7344,0.92,0.42092097353149327,0.6844448478959992,0.38393452246263876,0.3355537634180566,0.4488762554198299,0.29885797419719295
high,West Virginia,WV,54,1793716,0.018,0.03617058314493816,0.9458294168550618,0.035,1.2744,0.98,0.955253572589206,1.0,0.8936316481824995,0.7615180793001494,0.9149246505871559,0.6956106534553931
high,Wisconsin,WI,55,5893718,0.055,0.0706984058510803,0.8743015941489196,0.065,1.1016000000000001,0.95,0.7389791403655535,1.0,0.6838847900360534,0.5891063815534696,0.7773347942374454,0.5323418733576805
high,Wyoming,WY,56,576851,0.035,0.053905469640526345,0.9110945303594736,0.01,0.7776000000000001,1.05,0.5884003746391828,0.9391094730884698,0.5473299241587802,0.4690665766789114,0.6158917625066191,0.4260463771332622
